,Rank,Institution Name,City location of institution_x,Average Class Size,Amenities,Civic,Demographics,Econ,Education,Health,Housing,Infrast.,LivScore,Livability Rank,Grand total men (C2016_A  First major  Communication  Journalism  and Related Programs  Bachelor's degree),Grand total women (C2016_A  First major  Communication  Journalism  and Related Programs  Bachelor's degree),Grand total men (C2016_A  First major  Computer and Information Sciences and Support Services  Bachelor's degree),Grand total women (C2016_A  First major  Computer and Information Sciences and Support Services  Bachelor's degree),Grand total men (C2016_A  First major  Foreign Languages  Literatures  and Linguistics  Bachelor's degree),Grand total women (C2016_A  First major  Foreign Languages  Literatures  and Linguistics  Bachelor's degree),Grand total men (C2016_A  First major  Biological and Biomedical Sciences  Bachelor's degree),Grand total women (C2016_A  First major  Biological and Biomedical Sciences  Bachelor's degree),Grand total men (C2016_A  First major  Mathematics and Statistics  Bachelor's degree),Grand total women (C2016_A  First major  Mathematics and Statistics  Bachelor's degree),Grand total men (C2016_A  First major  Physical Sciences  Bachelor's degree),Grand total women (C2016_A  First major  Physical Sciences  Bachelor's degree),Grand total men (C2016_A  First major  Psychology  Bachelor's degree),Grand total women (C2016_A  First major  Psychology  Bachelor's degree),Grand total men (C2016_A  First major  Social Sciences  Bachelor's degree),Grand total women (C2016_A  First major  Social Sciences  Bachelor's degree),Grand total men (C2016_A  First major  Visual and Performing Arts  Bachelor's degree),Grand total women (C2016_A  First major  Visual and Performing Arts  Bachelor's degree),Grand total men (C2016_A  First major  Health Professions and Related Programs  Bachelor's degree),Grand total women (C2016_A  First major  Health Professions and Related Programs  Bachelor's degree),Grand total men (C2016_A  First major  Business  Management  Marketing  and Related Support Services  Bachelor's degree),Grand total women (C2016_A  First major  Business  Management  Marketing  and Related Support Services  Bachelor's degree),Grand total men (C2016_A  First major  History  Bachelor's degree),Grand total women (C2016_A  First major  History  Bachelor's degree),City location of institution_y,Institution's internet website address (HD2016),Control of institution (HD2016),State abbreviation (HD2016),Level of institution (HD2016),Degree of urbanization (Urban-centric locale) (HD2016),Institutional category (HD2016),Bachelor's degree (IC2007),Total price for in-state students living on campus 2016-17 (DRVIC2016),Total price for out-of-state students living on campus 2016-16 (DRVIC2016),Applicants men (ADM2015),Applicants women (ADM2015),Admissions men (ADM2015),Admissions women (ADM2015),Percent of full-time first-time undergraduates awarded any loans to students or grant aid  from federal state/local government or the institution (SFA1415),Number of full-time first-time undergraduates awarded any loans to students or grant aid  from federal state/local government or the institution (SFA1415),Total women (EF2015  All students  Undergraduate total),Total men (EF2015  All students  Undergraduate total),Grand total (EF2015B  Undergraduate  Age under 25 total),Grand total (EF2015B  Undergraduate  Age 25 and over total),American Indian or Alaska Native total (EF2015A  All students total),Asian total (EF2015A  All students total),Black or African American total (EF2015A  All students total),Hispanic total (EF2015A  All students total),Native Hawaiian or Other Pacific Islander total (EF2015A  All students total),White total (EF2015A  All students total),Two or more races total (EF2015A  All students total),Race/ethnicity unknown total (EF2015A  All students total),Nonresident alien total (EF2015A  All students total),8-year Graduation rate - bachelor's degree within 200% of normal time (GR200_15),6-year Graduation rate - bachelor's degree within 150% of normal time (GR200_15),4-year Graduation rate - bachelor's degree within 100% of normal time (GR200_15),Full-time retention rate  2015 (EF2015D),Grand total (C2016_A  First major  Grand total  Bachelor's degree),American Indian or Alaska Native total (C2016_A  First major  Grand total  Bachelor's degree),Asian total (C2016_A  First major  Grand total  Bachelor's degree),Black or African American total (C2016_A  First major  Grand total  Bachelor's degree),Hispanic or Latino total (C2016_A  First major  Grand total  Bachelor's degree),Native Hawaiian or Other Pacific Islander total (C2016_A  First major  Grand total  Bachelor's degree),White total (C2016_A  First major  Grand total  Bachelor's degree),Two or more races total (C2016_A  First major  Grand total  Bachelor's degree),Race/ethnicity unknown total (C2016_A  First major  Grand total  Bachelor's degree),Nonresident alien total (C2016_A  First major  Grand total  Bachelor's degree),Early Career($),Mid-Career($),SAT 25th percentile,SAT 75th percentile,ACT 25th percentile,ACT 75th percentile,AgeDiversityIndex,GenderDiversityIndex,RaceDiversityIndex,IncomeDiversityIndex,MajorDiversityIndex,SAT_ACT_DiversityIndex,InstateOutstateDiversityIndex,Average Graduation rate - bachelor's degree within 200% of normal time (GR200_15),AdmissionsDiversityIndex,ApplicantsDiversityIndex
0,73.0,Washington State University,Pullman,44.45,,,,,,,,,,,144.0,242.0,84.0,11.0,23.0,26.0,129,225,32,12,51,37,81.0,278.0,256,377,10,39,54.0,370.0,590.0,497.0,39.0,27.0,Pullman,wsu.edu/,1,WA,1,32,2,1,26899,41531,8594,11172,6658,9084,82,3552,12681,11789,20379,4091,173,1544,932,3490,104,17850,2001,1438,2154,67,65,40,78,5475,23,282,140,606,20,3588,375,124,317,52400,98100,1340.0,1700.0,63.0,85.0,0.27847881,0.49935600399999996,0.613294825,0.45389999299999995,0.834161294,0.08856556900000001,0.47714654700000003,172.0,0.627263571,0.491519398
1,26.0,Michigan State University,East Lansing,48.8,48.0,66.0,30.0,52.0,73.0,59.0,49.0,72.0,619.0,71.0,489.0,645.0,108.0,23.0,29.0,78.0,419,480,59,46,73,42,97.0,262.0,562,439,57,140,59.0,305.0,899.0,723.0,31.0,10.0,East Lansing,https://www.msu.edu,1,MI,1,13,2,1,27290,51118,17347,17953,10827,12570,61,4847,19728,19415,37881,1262,120,2339,3331,2032,46,33209,1279,614,7568,80,78,50,92,8924,15,391,504,295,7,6348,217,91,1056,51800,97200,1440.0,1840.0,77.0,94.0,0.062404178,0.499980803,0.5375356020000001,0.45358261299999997,0.8353450379999999,0.09421843699999999,0.45382892399999997,208.0,0.6990804909999999,0.499866805
2,50.0,University of Delaware,Newark,40.65,,,,,,,,,,,20.0,106.0,56.0,13.0,18.0,25.0,84,101,16,22,36,24,38.0,108.0,224,182,23,73,65.0,376.0,394.0,358.0,43.0,14.0,Newark,www.udel.edu/,1,DE,1,21,2,1,27198,46618,10465,14416,6734,9835,82,3722,10952,8148,18316,784,21,1082,1276,1538,17,15922,604,329,2063,83,82,68,92,4018,4,161,157,255,4,3159,97,25,156,54300,102700,1620.0,1940.0,80.0,97.0,0.078728631,0.489249573,0.496320132,0.452484524,0.82596798,0.09026581199999999,0.465399027,233.0,0.35853866799999995,0.48741152600000004
3,,University of Michigan-Ann Arbor,Ann Arbor,38.875,60.0,69.0,39.0,52.0,76.0,75.0,50.0,66.0,674.0,3.0,34.0,173.0,428.0,118.0,59.0,121.0,285,348,132,76,87,38,202.0,481.0,478,341,174,256,21.0,188.0,321.0,210.0,57.0,43.0,Ann Arbor,www.umich.edu,1,MI,1,12,2,1,28776,59784,27792,24005,6694,6917,55,3559,14014,14298,27814,498,92,4903,1801,2028,17,24517,1343,2669,6281,91,90,76,97,7074,12,877,277,266,3,4280,207,551,601,59300,104600,1930.0,2230.0,95.0,110.0,0.034561853999999996,0.499967348,0.643627525,0.461807643,0.88603131,0.08953816699999999,0.438707519,257.0,0.78975974,0.497336894
4,54.0,University of Georgia,Athens,34.925,,,,,,,,,,,205.0,538.0,69.0,9.0,52.0,135.0,267,349,53,40,48,24,115.0,342.0,284,306,58,157,42.0,219.0,1043.0,692.0,60.0,32.0,Athens,www.uga.edu,1,GA,1,12,2,1,26208,44418,9012,12933,4443,7161,95,4971,15683,11864,26609,938,37,3019,2908,1710,36,24849,1219,435,1917,84,82,57,95,6991,6,607,518,345,7,5133,250,50,75,50200,97300,1710.0,1990.0,83.0,101.0,0.065785251,0.490407862,0.508327933,0.449019764,0.823087267,0.090282366,0.466766635,223.0,0.732952059,0.484059866
5,55.0,Florida State University,Tallahassee,41.225,,,,,,,,,,,68.0,222.0,232.0,84.0,32.0,52.0,297,489,62,36,71,43,146.0,428.0,790,734,136,280,34.0,241.0,941.0,736.0,56.0,42.0,Tallahassee,www.fsu.edu,1,FL,1,12,2,1,22575,37741,11956,17872,6543,10131,87,5166,17996,14710,30739,1967,86,1017,3302,6938,54,25711,1162,660,1900,78,77,57,93,8626,24,215,672,1541,10,5669,254,87,154,47000,90600,1680.0,1920.0,25.0,29.0,0.11305310800000001,0.494967937,0.565012482,0.449802992,0.8324561859999999,0.029127824,0.468396125,212.0,0.678013292,0.480347295
6,,Iowa State University,Ames,47.575,50.0,68.0,23.0,59.0,80.0,68.0,63.0,55.0,643.0,25.0,85.0,177.0,45.0,6.0,12.0,29.0,137,234,33,31,30,32,49.0,126.0,69,57,76,148,20.0,89.0,616.0,511.0,45.0,17.0,Ames,www.iastate.edu,1,IA,1,13,2,1,20000,33364,10309,8855,8894,7808,84,5064,12963,17071,28516,1508,91,993,943,1564,35,25516,700,1831,4041,70,68,38,87,6059,17,141,134,258,5,4752,116,197,439,52700,95800,960.0,1260.0,64.0,84.0,0.095410749,0.490662183,0.47074191600000004,0.457884705,0.776377588,0.117237009,0.468650939,176.0,0.792256463,0.497147705
7,33.0,University of Colorado Boulder,Boulder,37.85,65.0,70.0,26.0,48.0,67.0,61.0,58.0,67.0,636.0,35.0,202.0,359.0,121.0,19.0,45.0,72.0,332,432,77,38,112,24,121.0,313.0,410,287,124,158,2.0,57.0,480.0,292.0,47.0,26.0,Boulder,www.colorado.edu,1,CO,1,12,2,1,29215,52763,16619,14706,12746,12195,59,3434,12130,15012,25393,1749,101,1662,518,3244,21,22804,1365,617,2724,72,70,44,86,5497,15,291,59,497,4,4197,206,71,157,53400,109600,1070.0,1300.0,72.0,90.0,0.120577459,0.49438087399999997,0.504554643,0.44056426,0.865390122,0.119822261,0.45874994700000005,186.0,0.596155537,0.498151165
8,80.0,University of Kentucky,Lexington,41.75,,,,,,,,,,,203.0,258.0,86.0,10.0,24.0,45.0,120,119,40,15,67,19,52.0,161.0,134,79,35,106,47.0,302.0,508.0,275.0,35.0,20.0,Lexington,www.uky.edu,1,KY,1,11,2,1,27928,42778,7787,10938,6879,9806,93,4782,12069,10636,21046,1659,64,813,2020,1142,29,22077,864,995,1723,62,60,34,83,4540,9,111,265,152,5,3612,105,151,130,48400,91700,1500.0,1860.0,73.0,94.0,0.135463429,0.498030256,0.437145976,0.452242655,0.85031675,0.090239769,0.47795159200000004,156.0,0.5323293029999999,0.485867255
9,,University of Missouri-Columbia,Columbia,40.75,44.0,70.0,71.0,66.0,67.0,56.0,55.0,44.0,649.0,18.0,208.0,524.0,137.0,17.0,28.0,65.0,163,169,35,24,64,29,76.0,195.0,159,156,42,71,179.0,721.0,590.0,374.0,44.0,26.0,Columbia,missouri.edu/,1,MO,1,12,2,1,25916,42290,9869,12119,7690,9490,81,5186,14410,13381,26851,940,64,779,2542,1213,15,26903,949,452,2507,71,70,47,87,6283,11,137,414,219,4,5067,174,50,207,49100,95700,1060.0,1300.0,70.0,86.0,0.06536203900000001,0.499332491,0.411255782,0.44821800799999995,0.844031522,0.11636382,0.471190861,188.0,0.6639854629999999,0.49478693700000004
10,58.0,University of Oregon,Eugene,42.825,,,,,,,,,,,180.0,362.0,81.0,11.0,50.0,101.0,195,232,34,10,45,25,103.0,204.0,666,444,144,173,1.0,43.0,418.0,295.0,44.0,21.0,Eugene,www.uoregon.edu,1,OR,1,12,2,1,25815,48495,9970,12030,6771,9557,76,2959,10811,9727,18890,1648,146,1329,472,2268,106,14549,1400,488,3274,69,67,44,88,4661,20,263,83,405,22,3013,250,34,571,47600,93900,1000.0,1230.0,64.0,82.0,0.147612797,0.498631403,0.602132951,0.44647046,0.8372711290000001,0.115392522,0.45343016700000005,180.0,0.49602226899999996,0.495638645
11,,University of Virginia-Main Campus,Charlottesville,36.625,64.0,68.0,51.0,62.0,51.0,73.0,60.0,59.0,670.0,5.0,42.56429652,80.27836611,84.0,21.0,35.0,77.0,87,146,34,33,88,45,40.0,166.0,335,312,22,69,12.0,150.0,196.0,144.0,75.0,56.0,Charlottesville,www.virginia.edu/,1,VA,1,23,2,1,31186,60530,14970,15870,4278,4908,43,1608,9318,7418,15974,762,38,2467,1350,1277,14,14516,929,1272,2020,94,93,86,97,3963,6,469,221,225,0,2475,176,197,194,59500,118400,1870.0,2180.0,93.0,110.0,0.086920309,0.49358522,0.603890218,0.445193904,0.8657270640000001,0.09092690699999999,0.448822756,273.0,0.690165963,0.499590379
12,10.0,University of Wisconsin-Madison,Madison,41.95,58.0,68.0,41.0,61.0,61.0,82.0,53.0,60.0,668.0,8.0,119.0,287.0,174.0,26.0,74.0,155.0,436,550,92,57,89,49,64.0,200.0,475,306,29,108,86.0,361.0,471.0,398.0,74.0,55.0,Madison,www.wisc.edu,1,WI,1,12,2,1,25230,47480,13856,14151,7464,8670,60,3737,15741,15250,29414,1577,101,2243,953,1986,45,30257,1122,475,5534,84,83,55,96,6919,15,373,113,299,8,5321,177,23,590,53400,98400,1780.0,2100.0,87.0,103.0,0.096595882,0.499890625,0.475948914,0.456063871,0.869018255,0.089029354,0.453185118,222.0,0.746339833,0.499962378
13,,Colorado State University-Fort Collins,Fort Collins,41.85,71.0,65.0,34.0,52.0,69.0,62.0,65.0,55.0,651.0,16.0,127.0,218.0,93.0,10.0,11.0,29.0,185,334,28,20,48,23,60.0,148.0,216,191,58,145,12.0,15.0,423.0,293.0,57.0,27.0,Fort Collins,www.colostate.edu,1,CO,1,12,2,1,24722,42016,8435,10121,6554,8443,75,3170,12293,11624,22603,1314,190,842,691,3036,47,21937,650,1397,1824,66,64,37,87,4820,18,80,86,454,8,3632,150,217,175,49900,92300,1040.0,1250.0,66.0,84.0,0.10384753599999999,0.499629681,0.469771809,0.455550055,0.846823535,0.115439679,0.46643210399999996,167.0,0.6543077070000001,0.495898946
14,119.0,Stony Brook University,Stony Brook,42.125,,,,,,,,,,,11.0,21.0,194.0,39.0,19.0,40.0,281,273,157,83,93,35,97.0,323.0,182,200,30,45,248.0,523.0,177.0,143.0,48.0,28.0,Stony Brook,www.stonybrook.edu,1,NY,1,21,2,1,24649,41889,16790,17356,7012,6983,75,2127,7690,9141,15481,1350,36,4704,1544,2382,27,9766,481,1938,4394,68,66,45,90,3952,5,932,273,399,7,1545,88,309,394,54300,108800,1690.0,2040.0,84.0,104.0,0.147560031,0.496313409,0.76732037,0.444174335,0.864430666,0.091385791,0.46644058899999996,179.0,0.6247021229999999,0.49987726
15,89.0,Temple University,Philadelphia,34.35,,,,,,,,,,,332.0,486.0,156.0,34.0,10.0,29.0,118,162,21,8,45,39,84.0,246.0,151,110,211,240,41.0,294.0,862.0,632.0,38.0,12.0,Philadelphia,www.temple.edu,1,PA,1,11,2,1,33048,44040,12465,16421,6911,9173,91,4075,14638,13971,25230,3355,50,3985,4501,2151,36,20494,1034,2635,3121,68,66,38,90,6133,9,536,747,341,11,3811,171,245,262,48800,90300,1248.4038460000002,1527.7227560000001,58.98746082,75.48119122,0.20719466600000003,0.499745689,0.66948929,0.455497954,0.815090386,0.08816088,0.489840359,172.0,0.697526234,0.490639039
16,11.0,The University of Texas at Austin,Austin,47.275,,,,,,,,,,,353.0,780.0,372.0,92.0,56.0,120.0,497,612,167,111,200,120,69.0,284.0,638,438,90,219,83.0,383.0,634.0,508.0,109.0,69.0,Austin,www.utexas.edu,1,TX,1,11,2,1,25134,50724,21400,20992,7518,9115,62,4335,20603,19016,37925,1694,80,8742,1994,9948,64,22979,1636,574,4933,82,79,51,95,10165,30,1815,409,2163,15,4945,325,38,425,56900,107400,1730.0,2100.0,86.0,107.0,0.081860225,0.499210337,0.718003561,0.452766264,0.88045851,0.09136797099999999,0.443106427,212.0,0.801730628,0.499965479
17,53.0,University of Iowa,Iowa City,35.825,54.0,65.0,42.0,59.0,68.0,85.0,63.0,47.0,678.0,2.0,100.0,269.0,94.0,15.0,32.0,51.0,66,75,69,45,50,6,91.0,198.0,257,117,94,158,36.0,310.0,539.0,315.0,40.0,19.0,Iowa City,www.uiowa.edu,1,IA,1,13,2,1,21875,42113,12097,14125,9389,11782,85,3712,12130,11227,21478,1879,50,1238,959,1984,28,20558,720,1470,3837,71,70,48,85,4796,6,139,108,267,6,3288,90,397,495,50700,96700,1000.0,1320.0,67.0,85.0,0.147956853,0.49927404799999997,0.531308209,0.45130735200000005,0.856894665,0.11546234,0.449991129,189.0,0.466004015,0.497028245
18,62.0,University of Nebraska-Lincoln,Lincoln,40.925,56.0,61.0,43.0,48.0,61.0,68.0,67.0,45.0,620.0,68.0,109.0,173.0,45.0,6.0,16.0,22.0,103,82,27,7,32,13,49.0,138.0,73,47,54,70,11.0,61.0,475.0,319.0,27.0,15.0,Lincoln,www.unl.edu/,1,NE,1,11,2,1,24245,38766,4566,5158,3511,3914,93,4295,9481,10701,19065,1117,54,576,649,1256,19,18962,651,569,2524,70,67,32,83,3657,14,73,58,140,3,2957,80,88,244,48700,91500,1000.0,1290.0,64.0,85.0,0.104571441,0.49819759,0.42235657600000004,0.45340585200000005,0.789167438,0.11476415,0.47345349200000003,169.0,0.8631502740000001,0.498198029
19,31.0,University of North Carolina at Chapel Hill,Chapel Hill,39.425,53.0,71.0,44.0,48.0,70.0,62.0,42.0,63.0,626.0,55.0,144.0,398.0,126.0,41.0,24.0,62.0,211,293,80,63,120,65,71.0,321.0,347,275,30,63,59.0,261.0,237.0,149.0,58.0,43.0,Chapel Hill,www.unc.edu,1,NC,1,13,2,1,24898,49980,12694,18449,3914,5596,55,2183,10725,7690,17705,710,144,2597,2294,1936,56,18042,1448,1008,1559,91,90,81,97,4525,24,420,345,342,5,2989,197,87,116,51200,96000,1810.0,2130.0,91.0,108.0,0.07414202,0.486445034,0.592467344,0.45368928299999994,0.8847247020000001,0.091557385,0.44390295700000004,262.0,0.653708539,0.48294133100000003
20,,University of Pittsburgh-Pittsburgh Campus,Pittsburgh,43.0,62.0,54.0,43.0,50.0,62.0,74.0,56.0,69.0,648.0,20.0,18.0,28.0,152.0,32.0,40.0,72.0,187,205,59,44,78,61,87.0,262.0,219,200,41,39,127.0,542.0,423.0,279.0,48.0,37.0,Pittsburgh,www.pitt.edu,1,PA,1,11,2,1,32782,43922,14442,16184,7719,8784,74,2847,9614,9294,17776,1132,19,2292,1336,909,10,19264,824,919,3076,81,80,64,92,4453,3,306,197,106,1,3488,123,50,179,52100,94400,1750.0,2020.0,87.0,105.0,0.112575075,0.499883226,0.5257368410000001,0.45831854299999997,0.862374199,0.09224721400000001,0.48945997799999996,225.0,0.527597684,0.498398619
21,133.0,Kansas State University,Manhattan,35.375,57.0,53.0,36.0,61.0,69.0,73.0,61.0,58.0,646.0,22.0,50.0,100.0,39.0,2.0,6.0,7.0,67,85,7,8,39,12,19.0,54.0,191,127,26,81,12.0,127.0,389.0,292.0,31.0,8.0,Manhattan,www.k-state.edu,1,KS,1,13,2,1,23740,38641,4558,4620,4297,4415,83,3080,9511,10348,17881,1978,94,385,875,1520,28,18112,704,372,2056,63,60,26,83,3816,13,49,120,230,4,3100,89,47,164,50000,90600,1248.4038460000002,1527.7227560000001,58.98746082,75.48119122,0.179372229,0.49913694299999994,0.424326731,0.458311384,0.794184875,0.08816088,0.471477926,149.0,0.823055685,0.500031665
22,37.0,University of Arizona,Tucson,39.425,,,,,,,,,,,85.0,209.0,158.0,46.0,73.0,133.0,314,412,66,35,121,62,123.0,342.0,338,264,101,148,72.0,448.0,572.0,453.0,33.0,41.0,Tucson,www.arizona.edu,1,AZ,1,11,2,1,27169,50367,16907,18501,12632,14429,83,5762,17131,16200,30674,2657,523,2473,1493,9605,98,21947,1701,932,3823,63,61,40,80,6915,58,406,190,1629,20,3831,296,81,404,52700,97000,1248.4038460000002,1527.7227560000001,58.98746082,75.48119122,0.146726415,0.49962489299999996,0.67039595,0.45621719,0.874876577,0.08816088,0.455248527,164.0,0.557613211,0.499000779
23,,University of California-Berkeley,Berkeley,35.925,64.0,46.0,50.0,43.0,58.0,60.0,54.0,69.0,612.0,86.0,40.0,149.0,277.0,103.0,48.0,123.0,294,491,214,120,163,97,72.0,233.0,683,810,72,128,54.0,182.0,174.0,164.0,67.0,57.0,Berkeley,www.berkeley.edu,1,CA,1,12,2,1,36369,63051,39443,39450,6082,7238,63,3399,14313,13183,25810,1686,79,11322,883,4666,78,11447,1626,1762,6326,93,91,72,96,7457,11,2660,178,1007,17,2058,355,198,973,65400,130100,1880.0,2270.0,90.0,104.0,0.11512041,0.49917367700000004,0.7772353340000001,0.44523955299999995,0.8469625409999999,0.085349342,0.463991672,256.0,0.7591996740000001,0.5000063339999999
24,28.0,University of Florida,Gainesville,38.425,73.0,50.0,44.0,54.0,53.0,70.0,44.0,59.0,613.0,81.0,166.0,469.0,79.0,22.0,48.0,116.0,357,508,81,36,123,66,112.0,365.0,413,530,70,166,61.0,490.0,538.0,488.0,71.0,51.0,Gainesville,www.ufl.edu/,1,FL,1,12,2,1,21251,43529,12617,16603,5598,8294,93,6019,18430,14972,31861,1541,127,3638,3086,8589,229,27429,1170,1579,4798,88,87,65,96,8215,26,601,532,1633,73,4829,199,224,98,52200,97800,1740.0,2020.0,86.0,102.0,0.08801569,0.49465591700000006,0.659080532,0.453795025,0.87171628,0.09072592800000001,0.440872362,240.0,0.763381887,0.490712484
25,81.0,University of Illinois at Chicago,Chicago,42.425,,,,,,,,,,,20.0,40.0,143.0,28.0,14.0,29.0,243,316,28,11,43,41,120.0,376.0,120,153,67,67,44.0,263.0,302.0,273.0,28.0,16.0,Chicago,www.uic.edu,1,IL,1,11,2,1,30034,42890,7123,8541,5325,6682,81,2440,8805,8770,15760,1815,26,5331,2283,6036,49,10964,695,541,3123,59,57,30,81,3912,8,868,273,937,9,1555,104,67,91,52800,98500,1470.0,1850.0,63.0,80.0,0.18522383899999997,0.500026468,0.76261564,0.45438623100000003,0.8557706,0.079199887,0.48446701,146.0,0.632565162,0.49593417799999995
26,117.0,Auburn University,Auburn,41.4,,,,,,,,,,,59.0,195.0,30.0,5.0,13.0,30.0,136,184,21,22,26,15,35.0,111.0,93,45,36,108,33.0,262.0,559.0,375.0,27.0,13.0,Auburn,www.auburn.edu,1,AL,1,13,2,1,30458,48602,8386,11028,6522,8555,72,3297,10664,11122,20855,931,162,670,1892,829,7,21694,189,205,1639,71,68,38,90,4420,25,89,265,153,1,3766,42,31,48,50700,99500,1590.0,1900.0,79.0,98.0,0.081819121,0.499801965,0.357906114,0.447222929,0.798351748,0.091902075,0.47367165,177.0,0.628294251,0.49076539399999997
27,49.0,Oregon State University,Corvallis,45.675,60.0,74.0,22.0,51.0,59.0,75.0,55.0,58.0,626.0,53.0,81.0,80.0,254.0,59.0,8.0,17.0,135,201,36,21,65,42,62.0,131.0,181,154,21,63,95.0,223.0,360.0,218.0,38.0,13.0,Corvallis,oregonstate.edu,1,OR,1,13,2,1,26341,44821,6991,7067,5266,5750,79,2728,11372,13240,19467,5145,167,2004,406,2330,81,18644,1766,850,3328,64,61,30,85,5084,31,369,51,370,17,3583,258,130,275,52200,98700,1440.0,1830.0,70.0,91.0,0.330703078,0.497139951,0.578130892,0.452524451,0.870980732,0.08947233800000001,0.466287323,155.0,0.8225095240000001,0.500020955
28,116.0,Syracuse University,Syracuse,30.725,,,,,,,,,,,169.0,326.0,155.0,63.0,5.0,14.0,71,106,16,12,24,19,51.0,138.0,208,249,100,205,13.0,69.0,275.0,197.0,34.0,18.0,Syracuse,syr.edu/,2,NY,1,12,2,1,63344,63344,15176,18078,7241,8830,72,2491,8323,6873,14668,528,125,1370,1620,1872,16,11360,523,660,4243,82,81,69,91,3467,14,276,310,378,1,1997,99,87,305,53900,102900,1620.0,1930.0,80.0,97.0,0.067081819,0.495480132,0.6724755379999999,0.451174752,0.861024969,0.09049599800000001,0.5000039470000001,232.0,0.345427317,0.496207096
29,18.0,University of Pennsylvania,Philadelphia,30.3775,,,,,,,,,,,14.0,61.0,100.0,34.0,27.0,30.0,128,181,53,18,36,21,29.0,57.0,249,255,21,59,43.0,240.0,344.0,243.0,48.0,31.0,Philadelphia,www.upenn.edu,2,PA,1,11,2,1,69340,69340,19026,18242,1827,1960,50,1167,6053,5535,10929,659,21,3793,1477,1852,7,11209,790,1052,4675,96,96,88,98,2927,2,583,188,287,2,1295,120,82,368,68100,134800,2070.0,2330.0,101.0,114.0,0.107279402,0.49904395700000004,0.727567414,0.445969385,0.84655141,0.08885294699999999,0.500003605,280.0,0.867585915,0.499792137
30,38.0,Northwestern University,Evanston,26.95,,,,,,,,,,,189.0,305.0,68.0,18.0,10.0,19.0,53,75,48,16,24,16,39.0,137.0,262,170,84,118,1.0,18.0,14.0,12.0,31.0,26.0,Evanston,www.northwestern.edu,2,IL,1,13,2,1,70496,70496,15519,16603,2079,2111,57,1155,4424,4415,8405,398,20,2892,1073,1704,14,10070,630,1609,3643,95,94,86,97,2328,2,424,118,196,0,1270,121,27,170,59500,113300,2080.0,2330.0,102.0,114.0,0.08634530300000001,0.500056055,0.723483457,0.451535508,0.825709742,0.089044064,0.500003546,275.0,0.7919065759999999,0.499446141
31,93.0,University of Miami,Coral Gables,31.9,,,,,,,,,,,51.0,177.0,25.0,10.0,5.0,4.0,167,234,20,12,30,23,35.0,127.0,165,147,91,71,50.0,209.0,314.0,202.0,6.0,2.0,Coral Gables,www.miami.edu/,2,FL,1,21,2,1,64306,64306,15562,17857,5835,6793,85,1748,5715,5385,10445,655,20,936,1228,3717,14,6595,434,1120,2761,82,82,71,92,2601,2,152,194,595,1,1087,79,138,353,52700,92400,1780.0,2070.0,91.0,107.0,0.111063897,0.499603081,0.7578075329999999,0.462573501,0.852447209,0.093064105,0.500003888,235.0,0.363034301,0.49765686600000003
32,,University of California-Irvine,Irvine,39.85,61.0,61.0,52.0,51.0,69.0,59.0,45.0,54.0,624.0,59.0,11.0,27.0,265.0,80.0,20.0,59.0,311,394,52,42,93,69,210.0,531.0,449,685,141,237,214.0,524.0,338.0,342.0,34.0,34.0,Irvine,www.uci.edu/,1,CA,1,11,2,1,32930,59612,33133,38642,12244,15520,73,3943,13581,11675,24146,1110,26,10334,576,6929,111,5715,1103,631,5411,87,86,68,93,6570,4,2849,137,1552,23,1114,254,89,548,54900,118800,1540.0,1910.0,71.0,89.0,0.084040036,0.497172035,0.7712983520000001,0.43233624299999995,0.863247221,0.08473737199999999,0.458439837,241.0,0.31696935600000004,0.49706135700000004
33,6.0,Cornell University,Ithaca,38.875,56.0,55.0,40.0,43.0,77.0,76.0,62.0,67.0,657.0,14.0,27.0,58.0,201.0,103.0,13.0,20.0,211,327,33,15,59,36,11.0,36.0,186,157,21,68,36.87304075,182.1128527,277.0,277.0,19.0,17.0,Ithaca,www.cornell.edu,2,NY,1,13,2,1,67613,67613,22594,19306,2962,3353,53,1705,7380,6935,14165,150,69,3223,1069,2099,19,8423,795,1557,4650,94,93,87,97,3758,9,646,185,411,3,1612,171,334,387,65600,123900,1330.0,1530.0,30.0,34.0,0.020738888,0.499551719,0.7688152070000001,0.45267759999999996,0.845468579,0.042832145,0.500003698,274.0,0.7956954,0.496932889
34,,University of South Carolina-Columbia,Columbia,40.175,44.0,70.0,71.0,66.0,67.0,56.0,55.0,44.0,649.0,18.0,100.0,290.0,111.0,25.0,10.0,26.0,238,394,27,20,48,24,79.0,185.0,193,153,101,140,85.0,408.0,799.0,698.0,63.0,31.0,Columbia,www.sc.edu/,1,SC,1,12,2,1,26288,45716,10617,15121,7150,9460,91,4482,13529,11708,23755,1482,73,945,3392,1332,34,24886,1104,413,1545,74,73,54,87,5417,11,135,536,252,2,4192,185,40,64,46900,84700,1110.0,1290.0,25.0,30.0,0.110554134,0.49741646799999994,0.440752963,0.458751788,0.8162629029999999,0.043820555,0.463605469,201.0,0.604624881,0.48470735200000004
35,,University of South Carolina-Columbia,Columbia,40.175,44.0,70.0,71.0,66.0,67.0,56.0,55.0,44.0,649.0,18.0,100.0,290.0,111.0,25.0,10.0,26.0,238,394,27,20,48,24,79.0,185.0,193,153,101,140,85.0,408.0,799.0,698.0,63.0,31.0,Columbia,www.sc.edu/,1,SC,1,12,2,1,26288,45716,10617,15121,7150,9460,91,4482,13529,11708,23755,1482,73,945,3392,1332,34,24886,1104,413,1545,74,73,54,87,5417,11,135,536,252,2,4192,185,40,64,46900,84700,1110.0,1290.0,25.0,30.0,0.110554134,0.49741646799999994,0.440752963,0.458751788,0.8162629029999999,0.043820555,0.463605469,201.0,0.604624881,0.48470735200000004
36,,University of South Carolina-Columbia,Columbia,40.175,44.0,70.0,71.0,66.0,67.0,56.0,55.0,44.0,649.0,18.0,100.0,290.0,111.0,25.0,10.0,26.0,238,394,27,20,48,24,79.0,185.0,193,153,101,140,85.0,408.0,799.0,698.0,63.0,31.0,Columbia,www.sc.edu/,1,SC,1,12,2,1,26288,45716,10617,15121,7150,9460,91,4482,13529,11708,23755,1482,73,945,3392,1332,34,24886,1104,413,1545,74,73,54,87,5417,11,135,536,252,2,4192,185,40,64,46900,84700,1110.0,1290.0,25.0,30.0,0.110554134,0.49741646799999994,0.440752963,0.458751788,0.8162629029999999,0.043820555,0.463605469,201.0,0.604624881,0.48470735200000004
37,,University of South Carolina-Columbia,Columbia,40.175,44.0,70.0,71.0,66.0,67.0,56.0,55.0,44.0,649.0,18.0,100.0,290.0,111.0,25.0,10.0,26.0,238,394,27,20,48,24,79.0,185.0,193,153,101,140,85.0,408.0,799.0,698.0,63.0,31.0,Columbia,www.sc.edu/,1,SC,1,12,2,1,26288,45716,10617,15121,7150,9460,91,4482,13529,11708,23755,1482,73,945,3392,1332,34,24886,1104,413,1545,74,73,54,87,5417,11,135,536,252,2,4192,185,40,64,46900,84700,1110.0,1290.0,25.0,30.0,0.110554134,0.49741646799999994,0.440752963,0.458751788,0.8162629029999999,0.043820555,0.463605469,201.0,0.604624881,0.48470735200000004
38,,University of South Carolina-Columbia,Columbia,40.175,65.0,57.0,46.0,61.0,60.0,77.0,56.0,42.0,637.0,33.0,100.0,290.0,111.0,25.0,10.0,26.0,238,394,27,20,48,24,79.0,185.0,193,153,101,140,85.0,408.0,799.0,698.0,63.0,31.0,Columbia,www.sc.edu/,1,SC,1,12,2,1,26288,45716,10617,15121,7150,9460,91,4482,13529,11708,23755,1482,73,945,3392,1332,34,24886,1104,413,1545,74,73,54,87,5417,11,135,536,252,2,4192,185,40,64,46900,84700,1110.0,1290.0,25.0,30.0,0.110554134,0.49741646799999994,0.440752963,0.458751788,0.8162629029999999,0.043820555,0.463605469,201.0,0.604624881,0.48470735200000004
39,,University of South Carolina-Columbia,Columbia,40.175,65.0,57.0,46.0,61.0,60.0,77.0,56.0,42.0,637.0,33.0,100.0,290.0,111.0,25.0,10.0,26.0,238,394,27,20,48,24,79.0,185.0,193,153,101,140,85.0,408.0,799.0,698.0,63.0,31.0,Columbia,www.sc.edu/,1,SC,1,12,2,1,26288,45716,10617,15121,7150,9460,91,4482,13529,11708,23755,1482,73,945,3392,1332,34,24886,1104,413,1545,74,73,54,87,5417,11,135,536,252,2,4192,185,40,64,46900,84700,1110.0,1290.0,25.0,30.0,0.110554134,0.49741646799999994,0.440752963,0.458751788,0.8162629029999999,0.043820555,0.463605469,201.0,0.604624881,0.48470735200000004
40,,University of South Carolina-Columbia,Columbia,40.175,65.0,57.0,46.0,61.0,60.0,77.0,56.0,42.0,637.0,33.0,100.0,290.0,111.0,25.0,10.0,26.0,238,394,27,20,48,24,79.0,185.0,193,153,101,140,85.0,408.0,799.0,698.0,63.0,31.0,Columbia,www.sc.edu/,1,SC,1,12,2,1,26288,45716,10617,15121,7150,9460,91,4482,13529,11708,23755,1482,73,945,3392,1332,34,24886,1104,413,1545,74,73,54,87,5417,11,135,536,252,2,4192,185,40,64,46900,84700,1110.0,1290.0,25.0,30.0,0.110554134,0.49741646799999994,0.440752963,0.458751788,0.8162629029999999,0.043820555,0.463605469,201.0,0.604624881,0.48470735200000004
41,,University of South Carolina-Columbia,Columbia,40.175,65.0,57.0,46.0,61.0,60.0,77.0,56.0,42.0,637.0,33.0,100.0,290.0,111.0,25.0,10.0,26.0,238,394,27,20,48,24,79.0,185.0,193,153,101,140,85.0,408.0,799.0,698.0,63.0,31.0,Columbia,www.sc.edu/,1,SC,1,12,2,1,26288,45716,10617,15121,7150,9460,91,4482,13529,11708,23755,1482,73,945,3392,1332,34,24886,1104,413,1545,74,73,54,87,5417,11,135,536,252,2,4192,185,40,64,46900,84700,1110.0,1290.0,25.0,30.0,0.110554134,0.49741646799999994,0.440752963,0.458751788,0.8162629029999999,0.043820555,0.463605469,201.0,0.604624881,0.48470735200000004
42,59.0,Brown University,Providence,30.6,,,,,,,,,,,8.0,15.0,83.0,36.0,16.0,27.0,90,126,83,36,32,26,13.0,45.0,127,176,22,33,6.0,55.0,57.0,36.0,23.0,33.0,Providence,www.brown.edu,2,RI,1,12,2,1,68106,68106,12292,18104,1350,1535,49,767,3526,3126,6584,68,29,1154,565,912,11,3846,435,802,1704,96,95,84,98,1591,4,177,109,185,1,711,94,119,191,63000,132000,2060.0,2340.0,92.0,103.0,0.020239023000000002,0.498266959,0.7673059259999999,0.43739869299999995,0.86659873,0.081290684,0.500003671,275.0,0.79152176,0.48173533700000004
43,66.0,George Washington University,Washington,32.525,,,,,,,,,,,22.0,110.0,41.0,22.0,6.0,23.0,37,71,20,13,15,17,27.0,89.0,392,434,22,74,47.0,176.0,229.0,208.0,26.0,13.0,Washington,www.gwu.edu,2,DC,1,11,2,1,67225,67225,8154,11683,3636,5580,78,1889,6298,4859,10149,1006,55,2489,2315,1773,44,13307,664,1702,3863,82,81,76,94,2441,1,241,133,186,2,1445,95,100,238,56200,115900,1790.0,2080.0,89.0,105.0,0.164116034,0.49172649799999996,0.6949635000000001,0.43983575399999997,0.78447224,0.090937324,0.500003719,239.0,0.38539616600000004,0.484200225
44,15.0,New York University,New York,30.325,,,,,,,,,,,64.0,280.0,148.0,41.0,25.0,48.0,99,138,78,62,41,17,65.0,303.0,380,452,495,635,75.0,409.0,442.0,323.0,31.0,36.0,New York,www.nyu.edu,2,NY,1,11,2,1,69710,69710,23728,33682,7691,10824,58,3417,14644,11078,24602,1120,65,7558,2503,4621,52,16935,1361,4478,12454,85,84,77,93,5914,10,1123,286,615,4,2274,189,587,826,58700,117000,1880.0,2200.0,29.0,32.0,0.083296327,0.49040907,0.781571954,0.444951738,0.85601651,0.029034505,0.500003586,246.0,0.499535435,0.48497736799999996
45,,University of California-Santa Barbara,Santa Barbara,39.925,73.0,54.0,52.0,49.0,61.0,55.0,49.0,53.0,613.0,82.0,71.0,286.0,73.0,19.0,43.0,110.0,288,275,146,89,180,67,193.0,416.0,680,672,96,179,36.87304075,182.1128527,34.0,21.0,65.0,46.0,Santa Barbara,www.ucsb.edu,1,CA,1,22,2,1,35172,61854,32874,37662,9858,13168,70,3287,10886,9721,20143,464,48,4215,494,5532,32,8530,1759,734,2153,82,81,68,93,5235,5,971,123,1218,7,2014,410,175,312,54900,118800,1600.0,1990.0,78.0,96.0,0.044021381,0.49842613,0.770814598,0.43233624299999995,0.839333488,0.088204321,0.462192689,231.0,0.294179766,0.497703193
46,23.0,University of Southern California,Los Angeles,34.775,,,,,,,,,,,102.0,353.0,153.0,39.0,14.0,35.0,108,129,52,23,21,7,44.0,130.0,317,270,302,341,42.0,122.0,739.0,559.0,19.0,17.0,Los Angeles,www.usc.edu/,2,CA,1,11,2,1,69711,69711,24274,27650,4095,5086,59,1819,9502,9308,18119,688,84,7755,2362,5441,95,14637,1430,1276,10321,92,91,78,96,5138,8,1224,188,706,1,2106,228,102,575,59400,119300,1920.0,2250.0,88.0,101.0,0.070491492,0.49997339399999996,0.778249155,0.44382341399999997,0.8189991609999999,0.082976242,0.500003586,261.0,0.762690249,0.49789591200000005
47,9.0,Columbia University in the City of New York,New York,27.4,,,,,,,,,,,42.56429652,80.27836611,93.0,45.0,39.0,48.0,77,103,46,22,42,39,36.0,80.0,321,233,37,69,22.0,192.0,1.0,0.0,45.0,23.0,New York,www.columbia.edu,2,NY,1,11,2,1,71785,71785,16988,19923,1262,1176,53,772,3819,4283,6574,1528,66,3486,1519,2244,26,9493,750,1615,8887,94,94,87,96,2221,11,379,167,279,1,887,85,101,311,66000,124700,2070.0,2360.0,101.0,115.0,0.30609214100000004,0.498421603,0.7576344209999999,0.452627854,0.845394392,0.08867936,0.500003483,275.0,0.903284357,0.496852096
48,70.0,University of Notre Dame,Notre Dame,32.35,,,,,,,,,,,42.56429652,80.27836611,56.0,21.0,9.0,25.0,53,80,27,22,24,13,17.0,75.0,113,133,19,55,43.0,61.0,385.0,266.0,21.0,20.0,Notre Dame,www.nd.edu,2,IN,1,21,2,1,67043,67043,8998,9159,1871,1724,58,1175,4050,4412,8448,14,20,613,404,1165,4,8130,467,218,1271,95,95,90,98,2135,7,150,68,230,0,1466,94,21,99,62500,127900,1350.0,1530.0,32.0,34.0,0.0033038259999999997,0.499143944,0.539024239,0.441010521,0.799499417,0.043817579,0.500003729,280.0,0.83609694,0.499988224
49,39.0,Boston University,Boston,33.05,,,,,,,,,,,142.0,446.0,80.0,36.0,10.0,31.0,136,212,57,41,43,33,54.0,180.0,210,327,39,121,115.0,295.0,425.0,469.0,32.0,28.0,Boston,www.bu.edu,2,MA,1,11,2,1,68060,68060,22988,31793,6815,11056,54,2132,10812,7120,15931,525,29,3487,1303,2686,33,14072,882,2744,6922,85,84,80,93,4230,3,586,142,378,7,2008,144,239,723,56100,113500,1800.0,2100.0,88.0,104.0,0.061774632999999995,0.47883158,0.734546218,0.442730644,0.85545386,0.08946037800000001,0.5000036729999999,249.0,0.131373342,0.487091679
50,22.0,Carnegie Mellon University,Pittsburgh,31.875,62.0,54.0,43.0,50.0,62.0,74.0,56.0,69.0,648.0,20.0,1.0,0.0,121.0,36.0,4.0,9.0,10,29,65,29,65,45,12.0,33.0,32,25,59,75,36.87304075,182.1128527,50.0,43.0,4.0,2.0,Pittsburgh,www.cmu.edu/,2,PA,1,11,2,1,67980,67980,12913,7634,2460,2413,52,773,2716,3333,5946,103,11,2195,386,620,3,3539,327,656,5226,90,88,74,98,1336,1,356,61,85,0,529,47,68,189,70900,126400,2030.0,2300.0,93.0,104.0,0.033480872,0.494879778,0.728585232,0.46043818700000005,0.865198754,0.083264346,0.500003678,252.0,0.646252908,0.467017976
51,74.0,Emory University,Atlanta,31.075,,,,,,,,,,,2.0,3.0,26.0,13.0,6.0,23.0,147,221,28,33,33,22,24.0,100.0,174,183,17,24,17.0,181.0,212.0,177.0,19.0,15.0,Atlanta,www.emory.edu,2,GA,1,21,2,1,65080,65080,8324,12168,2120,2731,48,660,3991,2876,6652,215,24,1968,1410,865,10,6147,331,747,2286,92,91,84,94,1933,4,425,192,130,1,741,45,86,309,56700,109800,1910.0,2220.0,95.0,110.0,0.060666627,0.486888771,0.736100682,0.449148059,0.8341432679999999,0.090127204,0.5000038410000001,267.0,0.521222183,0.48242940100000004
52,64.0,Vanderbilt University,Nashville,30.2,,,,,,,,,,,3.0,23.0,45.0,3.0,9.0,18.0,73,55,21,12,15,12,16.0,67.0,296,212,30,37,36.87304075,182.1128527,202.1138329,164.6657061,35.0,29.0,Nashville,www.vanderbilt.edu,2,TN,1,11,2,1,64654,64654,13871,17593,1887,1787,66,1053,3409,3474,6861,22,37,1049,918,856,13,7371,471,591,1261,93,93,87,97,1723,4,163,114,124,0,1087,81,48,102,61100,116000,2120.0,2360.0,104.0,115.0,0.006373055,0.500028056,0.626788914,0.45195430200000003,0.8130602459999999,0.08888606199999999,0.500003867,273.0,0.765078358,0.493018943
53,56.0,Georgetown University,Washington,29.575,,,,,,,,,,,42.56429652,80.27836611,16.0,10.0,24.0,69.0,40,68,14,8,15,4,15.0,69.0,337,350,7,26,20.0,93.0,212.0,124.0,21.0,4.0,Washington,www.georgetown.edu,2,DC,1,11,2,1,69313,69313,7999,11479,1514,1844,45,716,4165,3397,7119,422,23,1503,1263,1151,26,9646,537,1184,3126,93,92,88,96,1827,1,182,115,116,1,1121,81,34,176,61400,129500,1320.0,1500.0,30.0,34.0,0.10567229800000001,0.494908186,0.678966533,0.436373685,0.769466449,0.043412938,0.500003607,273.0,0.764062056,0.484064599
54,131.0,Northeastern University,Boston,29.8,,,,,,,,,,,51.0,153.0,107.0,28.0,3.0,22.0,124,200,23,17,28,24,40.0,135.0,183,223,76,76,92.0,407.0,580.0,454.0,9.0,13.0,Boston,www.northeastern.edu,2,MA,1,11,2,1,65503,65503,23474,27047,6803,7583,74,2176,6897,6800,13513,184,13,1903,646,1116,5,8568,595,1144,5950,83,83,0,97,4000,4,384,116,215,0,2103,143,304,731,58300,103300,1980.0,2240.0,92.0,111.0,0.026508208999999998,0.500011429,0.709779597,0.46123138,0.81891983,0.08759973800000001,0.5000038170000001,166.0,0.439175105,0.49750897200000005
55,20.0,Yale University,New Haven,28.625,,,,,,,,,,,42.56429652,80.27836611,61.0,17.0,12.0,15.0,68,80,40,18,31,22,17.0,66.0,224,151,22,30,36.87304075,182.1128527,202.1138329,164.6657061,48.0,56.0,New Haven,www.yale.edu,2,CT,1,12,2,1,68950,68950,14362,15874,1046,988,51,691,2702,2830,5494,38,47,1636,679,1009,12,5817,529,182,2474,98,98,90,99,1395,13,251,95,145,1,628,79,33,150,66800,132100,2140.0,2390.0,31.0,35.0,0.013646347,0.499822665,0.712227141,0.44610993299999996,0.8621824690000001,0.02831435,0.500003626,286.0,0.86229728,0.498766165
56,138.0,Brandeis University,Waltham,31.65,,,,,,,,,,,42.56429652,80.27836611,37.0,12.0,7.0,11.0,56,83,12,5,25,10,21.0,54.0,117,97,15,28,36.87304075,182.1128527,31.0,25.0,13.0,14.0,Waltham,www.brandeis.edu/,2,MA,1,13,2,1,68125,68125,4174,6354,1429,2153,61,520,2058,1563,3575,35,6,577,279,330,2,2535,124,459,1440,90,90,86,92,915,0,126,39,61,0,467,18,66,138,55300,114200,1890.0,2180.0,94.0,107.0,0.019207905,0.490791744,0.721140957,0.439627031,0.861278491,0.08971457699999999,0.50000367,266.0,0.25423909899999997,0.478607116
57,101.0,Case Western Reserve University,Cleveland,33.9,,,,,,,,,,,42.56429652,80.27836611,49.0,7.0,4.0,6.0,71,100,17,13,38,33,19.0,44.0,44,41,10,21,4.0,68.0,55.0,39.0,6.0,5.0,Cleveland,www.case.edu,2,OH,1,11,2,1,63404,63404,12236,10571,4406,3865,86,1098,2302,2819,5044,77,8,1683,644,525,7,5515,325,417,2216,81,80,65,94,1137,1,251,57,56,0,632,38,32,70,62400,111100,1920.0,2210.0,96.0,110.0,0.029625867,0.49500051899999997,0.696605805,0.460608756,0.881474057,0.090525075,0.500003943,226.0,0.342008951,0.49735702200000004
58,75.0,Rice University,Houston,29.1,,,,,,,,,,,42.56429652,80.27836611,38.0,25.0,8.0,11.0,41,72,48,21,25,22,12.0,47.0,74,76,22,19,36.87304075,182.1128527,202.1138329,164.6657061,9.0,8.0,Houston,www.rice.edu,2,TX,1,11,2,1,60518,60518,9365,8586,1513,1352,55,522,1848,2062,3889,21,6,1163,319,700,6,2520,216,183,1606,92,91,79,97,1002,1,229,54,146,0,383,51,22,116,65700,130200,2070.0,2330.0,104.0,115.0,0.010686728999999999,0.498629761,0.75849693,0.44579962,0.849882293,0.090349322,0.500004131,262.0,0.6780001640000001,0.49908620000000004
59,3.0,Harvard University,Cambridge,29.55,51.0,67.0,48.0,49.0,64.0,70.0,44.0,70.0,641.0,28.0,42.56429652,80.27836611,74.0,30.0,18.0,26.0,99,155,125,57,62,27,31.0,70.0,335,262,25,24,36.87304075,182.1128527,202.1138329,164.6657061,57.0,75.0,Cambridge,www.harvard.edu,2,MA,1,12,2,1,66900,66900,19506,17801,1081,999,54,894,5049,5206,8141,2114,59,3962,1516,2281,23,12853,1080,1335,6543,98,97,87,98,1810,2,357,111,165,1,843,105,36,190,69200,140700,2110.0,2390.0,104.0,115.0,0.327328451,0.49993155799999994,0.735027585,0.44198484600000004,0.862950733,0.08852760400000001,0.500003737,282.0,0.945230832,0.498969044
60,14.0,Princeton University,Princeton,30.675,,,,,,,,,,,42.56429652,80.27836611,53.25186289,12.02682563,18.0,18.0,45,78,26,3,49,31,8.0,60.0,126,120,6,23,36.87304075,182.1128527,202.1138329,164.6657061,40.0,47.0,Princeton,www.princeton.edu,2,NJ,1,21,2,1,63690,63690,14614,12676,1003,945,59,777,2599,2803,5354,30,10,1337,482,632,8,3384,257,261,1767,98,97,88,98,1307,0,285,98,102,0,616,60,18,128,69800,147800,2100.0,2380.0,103.0,115.0,0.011084094,0.499379391,0.742468322,0.435756693,0.862549329,0.088517865,0.500003925,283.0,0.8690023290000001,0.49749666299999995
61,79.0,University of Rochester,Rochester,31.925,59.0,73.0,53.0,63.0,63.0,77.0,69.0,47.0,695.0,1.0,7.0,12.0,50.0,22.0,17.0,29.0,76,127,38,29,43,25,41.0,130.0,115,120,71,65,47.0,174.0,34.0,27.0,5.0,12.0,Rochester,www.rochester.edu,2,NY,1,12,2,1,67722,67722,8637,9275,2971,3087,87,1244,3154,3150,5795,379,20,951,518,610,6,5192,275,845,2688,87,85,77,96,1661,6,170,79,86,1,889,54,141,235,57500,107400,1248.4038460000002,1527.7227560000001,58.98746082,75.48119122,0.11525499199999999,0.500079126,0.704560152,0.454217062,0.877217516,0.08816088,0.500003692,249.0,0.5101415570000001,0.499393539
62,94.0,Boston College,Chestnut Hill,31.15,,,,,,,,,,,37.0,114.0,42.0,16.0,7.0,7.0,112,121,24,26,38,11,63.0,202.0,241,186,21,26,1.0,96.0,348.0,164.0,36.0,30.0,Chestnut Hill,www.bc.edu,2,MA,1,13,2,1,68064,68064,12513,16973,3893,4512,54,1275,5173,4623,9570,226,12,1176,568,1216,3,8381,389,1180,1429,92,91,89,95,2321,2,241,95,265,0,1402,67,141,108,59200,115300,1900.0,2200.0,96.0,110.0,0.045081375,0.498474735,0.627002518,0.448324668,0.8414825109999999,0.091124234,0.5000036729999999,272.0,0.510366063,0.488577045
63,35.0,Duke University,Durham,26.725,,,,,,,,,,,42.56429652,80.27836611,69.0,25.0,13.0,24.0,123,202,35,26,37,26,27.0,82.0,188,124,15,28,18.0,121.0,202.1138329,164.6657061,24.0,17.0,Durham,WWW.DUKE.EDU,2,NC,1,11,2,1,69169,69169,15568,15652,1824,1742,56,966,3252,3387,6618,21,79,2305,1121,844,16,7723,409,470,3017,95,94,87,97,1810,12,353,163,82,0,885,55,113,147,65300,134400,2050.0,2330.0,101.0,114.0,0.006307193000000001,0.499868549,0.701569014,0.44013762,0.8625113609999999,0.08922078900000001,0.5000036139999999,276.0,0.7658145270000001,0.500012396
64,30.0,Johns Hopkins University,Baltimore,21.9,,,,,,,,,,,42.56429652,80.27836611,27.0,15.0,2.0,10.0,115,101,42,19,17,10,12.0,33.0,110,109,30,35,74.0,342.0,16.0,16.0,9.0,9.0,Baltimore,www.jhu.edu,2,MD,1,11,2,1,67650,67650,12409,13065,1781,1816,57,841,3448,2979,5852,575,33,2986,1568,1717,30,10036,742,1409,4165,93,93,87,97,1689,3,315,93,177,1,821,81,31,167,63200,112200,2030.0,2300.0,102.0,114.0,0.162949539,0.497414836,0.7389264959999999,0.460981216,0.8183561509999999,0.090533294,0.500003696,273.0,0.714551465,0.499688039
65,2.0,Stanford University,Stanford,31.0,,,,,,,,,,,7.0,14.0,195.0,64.0,15.0,23.0,55,52,42,15,28,26,15.0,32.0,100,128,13,20,36.87304075,182.1128527,202.1138329,164.6657061,17.0,24.0,Stanford,www.stanford.edu/,2,CA,1,21,2,1,66696,66696,22831,19666,1073,1067,52,872,3333,3667,6917,83,88,2708,635,1650,27,6263,1147,535,3927,96,96,76,98,1746,16,352,106,253,1,695,177,7,139,73300,140400,2080.0,2360.0,93.0,105.0,0.02343645,0.49893295,0.773209933,0.450706754,0.849860175,0.081754246,0.500003748,268.0,0.8981573140000001,0.497238375
66,52.0,Tufts University,Medford,28.175,,,,,,,,,,,42.56429652,80.27836611,70.0,29.0,8.0,24.0,51,80,13,10,22,14,25.0,61.0,197,180,43,76,2.0,0.0,202.1138329,164.6657061,20.0,14.0,Medford,www.tufts.edu,2,MA,1,21,2,1,68190,68190,8057,11006,1557,1512,47,629,2655,2635,5231,59,7,1377,385,630,3,6158,415,846,1316,93,92,87,97,1374,1,141,48,86,0,754,58,177,109,60400,120200,2050.0,2270.0,30.0,33.0,0.022061624,0.500087388,0.65490596,0.44518273700000005,0.83189977,0.028340692,0.500003666,272.0,0.7320614790000001,0.48805993200000003
67,1.0,Massachusetts Institute of Technology,Cambridge,33.775,51.0,67.0,48.0,49.0,64.0,70.0,44.0,70.0,641.0,28.0,2.0,1.0,192.0,103.0,1.0,1.0,15,74,58,14,50,36,29.99857752,100.70697009999999,10,4,2,0,36.87304075,182.1128527,10.0,8.0,18.00580552,12.00435414,Cambridge,web.mit.edu/student/,2,MA,1,12,2,1,65478,65478,12750,5556,780,739,60,625,2082,2445,4496,31,12,1844,341,1067,2,3705,443,506,3411,94,93,84,98,1111,0,277,64,164,0,419,53,20,114,81500,147000,2120.0,2360.0,108.0,116.0,0.013604825,0.496894901,0.764275637,0.458917301,0.812316556,0.090722234,0.5000038179999999,271.0,0.8891066999999999,0.422804135
68,71.0,Dartmouth College,Hanover,29.8,,,,,,,,,,,42.56429652,80.27836611,47.0,20.0,16.0,28.0,35,61,20,11,28,10,9.0,40.0,226,179,14,17,36.87304075,182.1128527,202.1138329,164.6657061,48.0,29.0,Hanover,www.dartmouth.edu,2,NH,1,33,2,1,69474,69474,10423,10084,1110,1140,54,622,2116,2191,4274,33,109,828,348,452,11,2987,258,346,1011,96,95,87,96,1077,13,167,69,80,1,543,51,67,86,66300,140300,2000.0,2340.0,30.0,34.0,0.015210012,0.499964467,0.7251496479999999,0.43585563299999996,0.8379435820000001,0.02864862,0.5000035979999999,278.0,0.767797637,0.49988774
69,24.0,University of Chicago,Chicago,26.025,,,,,,,,,,,42.56429652,80.27836611,35.0,13.0,25.0,41.0,67,88,102,25,86,39,21.0,57.0,286,227,20,32,36.87304075,182.1128527,202.1138329,164.6657061,32.0,28.0,Chicago,WWW.UCHICAGO.EDU,2,IL,1,11,2,1,72717,72717,13864,16205,1274,1247,63,909,2800,3083,5874,9,33,1974,648,1008,7,6464,354,1417,3486,94,93,88,100,1465,1,273,59,138,0,639,69,152,134,58100,117000,2140.0,2380.0,95.0,105.0,0.0030555020000000003,0.498927777,0.741365411,0.443427045,0.8570506729999999,0.081172038,0.500003438,275.0,0.832680931,0.496985885
70,88.0,Rensselaer Polytechnic Institute,Troy,34.9,,,,,,,,,,,4.0,13.0,131.0,20.0,8.100638978,17.51118211,21,26,28,12,32,11,7.0,3.0,4,0,27,3,4.0,6.0,37.0,30.0,18.00580552,12.00435414,Troy,www.rpi.edu,2,NY,1,13,2,1,68244,68244,12314,5438,4853,2579,89,1191,1829,4035,5757,107,8,635,205,498,1,3852,421,131,1231,86,85,65,94,1267,2,131,39,83,0,790,89,30,103,67500,129500,1280.0,1490.0,28.0,32.0,0.035834071,0.429312352,0.6500468939999999,0.45047769200000004,0.8423651759999999,0.041518498,0.500003663,236.0,0.617719786,0.425009106
